5bb4a9aa52085ada20006d166b1e2f87,Franklin Sports Eye Black Stickers for Kids - Customizable Lettering Baseball and Football Eye Black Stickers - White Pencil Included,Sports & Outdoors | Sports & Fitness | Team Sports,$6.91 ,9
1f25e0968f5ab9451c985211bdfe4e27,Mikasa VSO2000 FIVB Replica Volleyball,Sports & Outdoors | Sports & Fitness | Team Sports | Volleyball | Volleyballs | Outdoor Volleyballs,$18.93 ,13
59db9b2b8b0bc67105a8fa2c958386db,Markwort Lite Weight and Weighted Leather Baseball,Sports & Outdoors | Sports & Fitness | Team Sports | Baseball | Baseballs,$8.25 - $31.95,15
198897f1a96df539c604a42576682123,Poolmaster 72687 Official USA / WBA Competition Basketball - Box,Sports & Outdoors | Sports & Fitness | Team Sports | Basketball | Basketballs,$19.20 ,4
1036df2c8100217c0827ef78f2203fb9,A&R Sports Tie-Dye Hockey Balls (Pack of 4),Sports & Outdoors | Sports & Fitness | Team Sports | Other Team Sports | Roller Hockey | Balls & Pucks,$11.99 ,1
cc5f508a1cc8d6f350c7bef020b3f54b,Ruffneck Scarves Red and White Bar Scarf,Sports & Outdoors | Sports & Fitness | Team Sports | Soccer,$24.37 ,11
7214788607bfa24ac8a713e28ecf2a87,Kan Jam Illuminate Ultra-Bright LED Light-Up Glow Volleyball (Official Size and Weight),Sports & Outdoors | Sports & Fitness | Team Sports | Volleyball | Volleyballs,$24.95 ,14
0493381561cd01a7c37607cbe9b3578c,A&R Stryker Waxed Hockey Skate Laces,Sports & Outdoors | Sports & Fitness | Team Sports | Ice Hockey | Accessories | Skate Accessories,$1.81 ,7
18988881471f9b77f63a1dae7b3fdc58,A&R Sports Floor Puck,Sports & Outdoors | Sports & Fitness | Team Sports | Ice Hockey | Pucks,$5.56 ,8
86db3eee17bb0cc5d05bb118d1af9215,BSN Sports Corner Flag Carry Bag,Sports & Outdoors | Sports & Fitness | Team Sports | Soccer,$9.86 ,5
dde95b28ef4167e42acf895678961ae7,BlueDot Trading Youth Sports Pinnie Scrimmage Training Vest,Sports & Outdoors | Sports & Fitness | Team Sports | Soccer,$17.65 ,12
0bf6c1351f27826f0d72b1b7c5a66af0,Select Campo Soccer Ball,Sports & Outdoors | Sports & Fitness | Team Sports | Soccer | Balls,$14.66 - $29.99,1
8d6085376bfef3ca114091a3808a8395,Markwort Lite Weight and Weighted Leather Baseball,Sports & Outdoors | Sports & Fitness | Team Sports | Baseball | Baseballs,$8.25 - $31.95,12
cc395b26cec237af2ab7b669bf9add24,Spalding NBA Varsity Outdoor Basketball,Sports & Outdoors | Sports & Fitness | Team Sports | Basketball | Basketballs,$9.97 ,8
b94c14e0f81aeb330e09903bd5b2d0b6,Rawlings Sporting Goods Highlighter Series Softball Helmet,Sports & Outdoors | Sports & Fitness | Team Sports | Baseball | Protective Gear | Batting Helmets,$34.20 ,7
848b0f1670bac9e399876bb2f1dcd0b8,Rawlings Sporting Goods Senior Velo Sized Softball Helmet,Sports & Outdoors | Sports & Fitness | Team Sports | Baseball | Protective Gear | Batting Helmets,$41.63 ,12
